{
  "project_info": {
    "project_number": "244877730626",
    "firebase_url": "https://fakeinstagram-ba1b9-default-rtdb.asia-southeast1.firebasedatabase.app",
    "project_id": "fakeinstagram-ba1b9",
    "storage_bucket": "fakeinstagram-ba1b9.firebasestorage.app"
  },
  "client": [
    {
      "client_info": {
        "mobilesdk_app_id": "1:244877730626:android:e4518e067ebede174f9edb",
        "android_client_info": {
          "package_name": "com.example.exercise2"
        }
      },
      "oauth_client": [
        {
          "client_id": "244877730626-npp6koce3qptkofn9dbqqpkscn2vok4a.apps.googleusercontent.com",
          "client_type": 1,
          "android_info": {
            "package_name": "com.example.exercise2",
            "certificate_hash": "267cdd3a0848002b6a67609425cf480dfecbc973"
          }
        },
        {
          "client_id": "244877730626-5hvte6m1eud0thv53uphb37f4cja93pk.apps.googleusercontent.com",
          "client_type": 3
        }
      ],
      "api_key": [
        {
          "current_key": "AIzaSyAjuee5zz5sBw7YNsDL6gTdcNPWwBdTMGQ"
        }
      ],
      "services": {
        "appinvite_service": {
          "other_platform_oauth_client": [
            {
              "client_id": "244877730626-5hvte6m1eud0thv53uphb37f4cja93pk.apps.googleusercontent.com",
              "client_type": 3
            }
          ]
        }
      }
    }
  ],
  "configuration_version": "1"
}